filename,bending forward,heels lifting,knees caving,no depth,olympic squat,powerlifting squat,toes lifting
recording_18042023_123652,0.0,0.0,0.0,0.0,0.0,1.0,0.0
recording_21042023_090126,0.0,0.0,1.0,0.0,0.0,0.0,0.0
recording_03052023_125318,0.0,0.0,0.0,0.0,0.0,1.0,0.0
recording_13042023_155626,0.0,0.0,0.0,0.0,0.0,1.0,0.0
recording_13042023_162019,0.0,0.0,0.0,0.0,1.0,0.0,0.0
recording_06042023_120443,0.0,0.0,0.0,0.0,0.0,0.0,1.0
recording_03052023_125654,0.0,0.0,0.0,0.0,0.0,1.0,0.0
recording_29042023_113315,0.0,0.0,1.0,0.0,0.0,0.0,0.0
recording_21042023_084911,0.0,0.0,0.0,0.0,0.0,0.0,1.0
recording_13042023_160555,0.0,1.0,0.0,0.0,0.0,0.0,0.0
recording_06042023_135941,0.0,0.0,0.0,0.0,0.0,1.0,0.0
recording_18042023_124009,0.0,0.0,0.0,0.0,1.0,0.0,0.0
recording_13042023_162118,0.0,0.0,0.0,0.0,1.0,0.0,0.0
recording_21042023_085120,0.0,1.0,0.0,0.0,0.0,0.0,0.0
recording_29042023_111040,0.0,0.0,1.0,0.0,0.0,0.0,0.0
recording_03052023_150808,0.0,0.0,0.0,1.0,0.0,0.0,0.0
recording_03052023_150727,0.0,0.0,0.0,1.0,0.0,0.0,0.0
recording_02052023_151808,0.0,0.0,0.0,0.0,0.0,1.0,0.0
recording_17042023_111352,1.0,0.0,0.0,0.0,0.0,0.0,0.0
recording_21042023_160941,0.0,0.0,1.0,0.0,0.0,0.0,0.0
recording_19042023_103739,0.0,0.0,0.0,0.0,0.0,1.0,0.0
recording_06042023_133153,0.0,0.0,0.0,0.0,1.0,0.0,0.0
recording_21042023_085858,0.0,1.0,0.0,0.0,0.0,0.0,0.0
recording_11042023_121553,0.0,0.0,0.0,0.0,1.0,0.0,0.0
recording_09052023_100645,1.0,0.0,0.0,0.0,0.0,0.0,0.0
recording_21042023_090215,0.0,0.0,1.0,0.0,0.0,0.0,0.0
recording_13042023_162820,0.0,0.0,0.0,0.0,1.0,0.0,0.0
recording_06042023_121122,0.0,0.0,0.0,1.0,0.0,0.0,0.0
recording_13042023_160238,0.0,0.0,0.0,0.0,0.0,1.0,0.0
recording_12052023_130928,0.0,0.0,0.0,0.0,0.0,1.0,0.0
recording_12042023_100931,0.0,0.0,1.0,0.0,0.0,0.0,0.0
recording_13042023_162002,0.0,0.0,0.0,0.0,1.0,0.0,0.0
recording_19042023_103751,0.0,0.0,0.0,0.0,0.0,1.0,0.0
recording_29042023_113040,0.0,0.0,0.0,0.0,0.0,0.0,1.0
recording_11042023_115147,0.0,1.0,0.0,0.0,0.0,0.0,0.0
recording_03052023_125357,0.0,0.0,0.0,0.0,1.0,0.0,0.0
recording_12052023_132722,0.0,0.0,0.0,0.0,0.0,1.0,0.0
recording_12042023_100731,1.0,0.0,0.0,0.0,0.0,0.0,0.0
recording_09052023_120904,0.0,0.0,1.0,0.0,0.0,0.0,0.0
recording_18042023_122704,0.0,1.0,0.0,0.0,0.0,0.0,0.0
recording_03052023_125728,0.0,0.0,0.0,0.0,0.0,1.0,0.0
recording_20042023_114741,0.0,0.0,1.0,0.0,0.0,0.0,0.0
recording_14042023_123920,0.0,0.0,0.0,0.0,1.0,0.0,0.0
recording_21042023_084859,0.0,0.0,0.0,0.0,0.0,0.0,1.0
recording_12042023_101254,0.0,0.0,0.0,0.0,0.0,0.0,1.0
recording_20042023_112834,1.0,0.0,0.0,0.0,0.0,0.0,0.0
recording_14042023_123902,0.0,0.0,0.0,0.0,1.0,0.0,0.0
recording_13042023_155653,0.0,0.0,0.0,0.0,0.0,1.0,0.0
recording_02052023_151716,0.0,0.0,0.0,0.0,0.0,1.0,0.0
recording_09052023_120242,1.0,0.0,0.0,0.0,0.0,0.0,0.0
recording_19042023_103727,0.0,0.0,0.0,0.0,0.0,1.0,0.0
recording_12052023_104049,0.0,0.0,1.0,0.0,0.0,0.0,0.0
recording_29042023_110136,0.0,0.0,0.0,0.0,0.0,0.0,1.0
recording_06042023_130008,0.0,0.0,0.0,0.0,1.0,0.0,0.0
recording_17042023_103732,0.0,1.0,0.0,0.0,0.0,0.0,0.0
recording_09052023_120154,1.0,0.0,0.0,0.0,0.0,0.0,0.0
recording_21042023_151506,0.0,0.0,1.0,0.0,0.0,0.0,0.0
recording_17042023_105639,0.0,1.0,0.0,0.0,0.0,0.0,0.0
recording_29042023_110528,0.0,0.0,0.0,0.0,0.0,0.0,1.0
recording_02052023_154826,0.0,0.0,0.0,1.0,0.0,0.0,0.0
recording_02052023_154956,0.0,0.0,0.0,1.0,0.0,0.0,0.0
recording_29042023_110047,0.0,0.0,0.0,0.0,0.0,0.0,1.0
recording_20042023_124650,0.0,0.0,0.0,1.0,0.0,0.0,0.0
recording_13042023_154900,0.0,0.0,0.0,1.0,0.0,0.0,0.0
recording_06042023_134742,1.0,0.0,0.0,0.0,0.0,0.0,0.0
recording_13042023_160216,0.0,0.0,0.0,0.0,0.0,1.0,0.0
recording_02052023_154814,0.0,0.0,0.0,1.0,0.0,0.0,0.0
recording_02052023_150943,0.0,0.0,0.0,0.0,0.0,1.0,0.0
recording_13042023_154013,0.0,0.0,0.0,0.0,0.0,1.0,0.0
recording_09052023_101518,1.0,0.0,0.0,0.0,0.0,0.0,0.0
recording_19042023_104045,0.0,0.0,0.0,0.0,0.0,1.0,0.0
recording_09052023_120945,0.0,0.0,1.0,0.0,0.0,0.0,0.0
recording_18042023_123744,0.0,0.0,0.0,0.0,0.0,1.0,0.0
recording_13042023_161443,0.0,0.0,0.0,0.0,0.0,1.0,0.0
recording_21042023_085410,0.0,0.0,0.0,0.0,0.0,0.0,1.0
recording_05042023_130547,0.0,0.0,0.0,1.0,0.0,0.0,0.0
recording_13042023_155008,0.0,1.0,0.0,0.0,0.0,0.0,0.0
recording_13042023_162418,0.0,0.0,0.0,0.0,1.0,0.0,0.0
recording_20042023_121930,0.0,0.0,0.0,0.0,0.0,0.0,1.0
recording_05042023_131439,0.0,0.0,0.0,0.0,0.0,0.0,1.0
recording_06042023_135201,0.0,0.0,0.0,0.0,1.0,0.0,0.0
recording_11042023_111338,0.0,0.0,0.0,1.0,0.0,0.0,0.0
recording_05042023_123625,0.0,1.0,0.0,0.0,0.0,0.0,0.0
recording_13042023_154731,0.0,0.0,0.0,1.0,0.0,0.0,0.0
recording_12052023_104119,0.0,1.0,0.0,0.0,0.0,0.0,0.0
recording_13042023_161505,0.0,0.0,0.0,0.0,0.0,1.0,0.0
recording_09052023_121000,0.0,0.0,1.0,0.0,0.0,0.0,0.0
recording_21042023_085126,0.0,1.0,0.0,0.0,0.0,0.0,0.0
recording_18042023_122721,0.0,1.0,0.0,0.0,0.0,0.0,0.0
recording_13042023_155025,0.0,1.0,0.0,0.0,0.0,0.0,0.0
recording_12052023_130952,1.0,0.0,0.0,0.0,0.0,0.0,0.0
recording_11042023_115759,0.0,0.0,0.0,0.0,0.0,1.0,0.0
recording_17042023_110337,0.0,0.0,1.0,0.0,0.0,0.0,0.0
recording_03052023_150305,0.0,0.0,0.0,1.0,0.0,0.0,0.0
recording_06042023_135755,0.0,0.0,0.0,0.0,0.0,1.0,0.0
recording_12052023_132727,0.0,0.0,0.0,0.0,0.0,1.0,0.0
recording_06042023_134808,0.0,0.0,0.0,0.0,1.0,0.0,0.0
recording_17042023_110230,0.0,0.0,0.0,1.0,0.0,0.0,0.0
recording_11042023_114811,0.0,0.0,0.0,0.0,0.0,1.0,0.0
recording_06042023_125321,0.0,0.0,0.0,0.0,1.0,0.0,0.0
recording_03052023_130946,0.0,0.0,0.0,0.0,0.0,0.0,1.0
recording_17042023_110350,0.0,0.0,1.0,0.0,0.0,0.0,0.0
recording_13042023_161604,0.0,0.0,0.0,0.0,1.0,0.0,0.0
recording_20042023_125008,0.0,0.0,0.0,1.0,0.0,0.0,0.0
recording_05042023_131357,0.0,0.0,0.0,0.0,0.0,0.0,1.0
recording_13042023_160037,1.0,0.0,0.0,0.0,0.0,0.0,0.0
recording_21042023_085110,0.0,1.0,0.0,0.0,0.0,0.0,0.0
recording_12042023_101408,0.0,1.0,0.0,0.0,0.0,0.0,0.0
recording_06042023_125326,0.0,0.0,0.0,0.0,1.0,0.0,0.0
recording_13042023_161722,0.0,0.0,0.0,0.0,1.0,0.0,0.0
recording_05042023_130716,0.0,1.0,0.0,0.0,0.0,0.0,0.0
recording_12042023_100644,1.0,0.0,0.0,0.0,0.0,0.0,0.0
recording_06042023_122213,0.0,0.0,0.0,0.0,0.0,0.0,1.0
recording_29042023_111101,1.0,0.0,0.0,0.0,0.0,0.0,0.0
recording_06042023_125930,0.0,0.0,0.0,0.0,1.0,0.0,0.0
recording_18042023_123732,0.0,0.0,0.0,0.0,0.0,1.0,0.0
recording_05042023_123617,0.0,1.0,0.0,0.0,0.0,0.0,0.0
recording_13042023_161853,0.0,0.0,0.0,0.0,1.0,0.0,0.0
recording_12052023_132741,0.0,0.0,0.0,0.0,0.0,1.0,0.0
recording_12042023_100651,1.0,0.0,0.0,0.0,0.0,0.0,0.0
recording_05042023_141730,0.0,0.0,0.0,0.0,1.0,0.0,0.0
recording_03052023_130857,0.0,0.0,0.0,0.0,0.0,0.0,1.0
recording_14042023_123846,0.0,0.0,0.0,0.0,1.0,0.0,0.0
recording_13042023_161544,0.0,0.0,0.0,0.0,0.0,1.0,0.0
recording_29042023_111005,0.0,0.0,1.0,0.0,0.0,0.0,0.0
recording_17042023_103708,0.0,1.0,0.0,0.0,0.0,0.0,0.0
recording_13042023_161746,0.0,0.0,0.0,0.0,1.0,0.0,0.0
recording_13042023_163044,0.0,0.0,0.0,0.0,1.0,0.0,0.0
recording_11042023_120243,0.0,0.0,0.0,0.0,1.0,0.0,0.0
recording_21042023_160806,0.0,0.0,1.0,0.0,0.0,0.0,0.0
recording_11042023_114606,0.0,0.0,0.0,0.0,1.0,0.0,0.0
recording_13042023_162605,0.0,0.0,0.0,0.0,1.0,0.0,0.0
recording_09052023_120955,0.0,0.0,1.0,0.0,0.0,0.0,0.0
recording_05042023_124447,0.0,0.0,0.0,1.0,0.0,0.0,0.0
recording_05042023_125548,1.0,0.0,0.0,0.0,0.0,0.0,0.0
recording_17042023_110138,0.0,0.0,0.0,1.0,0.0,0.0,0.0
recording_02052023_121059,0.0,0.0,0.0,1.0,0.0,0.0,0.0
recording_13042023_162232,0.0,0.0,0.0,0.0,1.0,0.0,0.0
recording_03052023_131043,1.0,0.0,0.0,0.0,0.0,0.0,0.0
recording_11042023_120136,0.0,0.0,0.0,0.0,1.0,0.0,0.0
recording_05042023_130118,0.0,1.0,0.0,0.0,0.0,0.0,0.0
recording_13042023_160249,0.0,0.0,0.0,0.0,0.0,1.0,0.0
recording_11042023_115705,0.0,0.0,0.0,1.0,0.0,0.0,0.0
recording_29042023_110450,0.0,0.0,0.0,0.0,0.0,0.0,1.0
recording_11042023_120228,0.0,0.0,0.0,0.0,1.0,0.0,0.0
recording_05042023_123600,0.0,1.0,0.0,0.0,0.0,0.0,0.0
recording_13042023_155035,0.0,1.0,0.0,0.0,0.0,0.0,0.0
recording_29042023_111320,0.0,0.0,1.0,0.0,0.0,0.0,0.0
recording_02052023_151711,0.0,0.0,0.0,0.0,0.0,1.0,0.0
recording_13042023_162124,0.0,0.0,0.0,0.0,1.0,0.0,0.0
recording_13042023_161513,0.0,0.0,0.0,0.0,0.0,1.0,0.0
recording_13042023_160716,0.0,1.0,0.0,0.0,0.0,0.0,0.0
recording_21042023_152131,0.0,0.0,0.0,0.0,0.0,0.0,1.0
recording_18042023_123738,0.0,0.0,0.0,0.0,0.0,1.0,0.0
recording_20042023_115232,1.0,0.0,0.0,0.0,0.0,0.0,0.0
recording_05042023_123643,0.0,1.0,0.0,0.0,0.0,0.0,0.0
recording_13042023_155440,0.0,0.0,0.0,1.0,0.0,0.0,0.0
recording_13042023_162159,0.0,0.0,0.0,0.0,1.0,0.0,0.0
recording_13042023_160358,0.0,0.0,0.0,0.0,0.0,1.0,0.0
recording_20042023_112729,1.0,0.0,0.0,0.0,0.0,0.0,0.0
recording_21042023_085942,0.0,1.0,0.0,0.0,0.0,0.0,0.0
recording_12052023_132712,0.0,0.0,0.0,0.0,0.0,1.0,0.0
recording_05042023_123719,0.0,1.0,0.0,0.0,0.0,0.0,0.0
recording_02052023_151015,0.0,0.0,0.0,0.0,0.0,1.0,0.0
recording_06042023_133147,0.0,0.0,0.0,0.0,1.0,0.0,0.0
recording_02052023_154755,0.0,0.0,0.0,1.0,0.0,0.0,0.0
recording_21042023_090438,0.0,0.0,1.0,0.0,0.0,0.0,0.0
recording_13042023_155048,0.0,1.0,0.0,0.0,0.0,0.0,0.0
recording_06042023_120506,0.0,0.0,0.0,0.0,0.0,0.0,1.0
recording_13042023_153941,0.0,0.0,0.0,0.0,0.0,1.0,0.0
recording_05042023_124909,0.0,0.0,1.0,0.0,0.0,0.0,0.0
recording_20042023_112742,1.0,0.0,0.0,0.0,0.0,0.0,0.0
recording_13042023_161518,0.0,0.0,0.0,0.0,0.0,1.0,0.0
recording_12052023_103609,0.0,1.0,0.0,0.0,0.0,0.0,0.0
recording_02052023_151814,0.0,0.0,0.0,0.0,0.0,1.0,0.0
recording_12052023_104013,0.0,1.0,0.0,0.0,0.0,0.0,0.0
recording_21042023_152125,0.0,0.0,0.0,0.0,0.0,0.0,1.0
recording_11042023_115716,0.0,0.0,0.0,1.0,0.0,0.0,0.0
recording_18042023_124031,0.0,0.0,0.0,0.0,1.0,0.0,0.0
recording_06042023_121109,0.0,0.0,0.0,0.0,0.0,0.0,1.0
recording_13042023_160021,1.0,0.0,0.0,0.0,0.0,0.0,0.0
recording_13042023_161900,0.0,0.0,0.0,0.0,1.0,0.0,0.0
recording_12052023_132705,0.0,0.0,0.0,0.0,0.0,1.0,0.0
recording_05042023_131317,0.0,0.0,0.0,0.0,0.0,0.0,1.0
recording_05042023_124900,0.0,0.0,1.0,0.0,0.0,0.0,0.0
recording_17042023_103748,0.0,1.0,0.0,0.0,0.0,0.0,0.0
recording_13042023_163026,0.0,0.0,0.0,0.0,1.0,0.0,0.0
recording_18042023_122600,0.0,1.0,0.0,0.0,0.0,0.0,0.0
recording_13042023_153925,0.0,0.0,0.0,0.0,0.0,1.0,0.0
recording_11042023_115659,0.0,0.0,0.0,1.0,0.0,0.0,0.0
recording_13042023_162741,0.0,0.0,0.0,0.0,1.0,0.0,0.0
recording_03052023_150324,0.0,0.0,0.0,1.0,0.0,0.0,0.0
recording_05042023_130041,1.0,0.0,0.0,0.0,0.0,0.0,0.0
recording_13042023_161536,0.0,0.0,0.0,0.0,0.0,1.0,0.0
recording_03052023_130935,0.0,0.0,0.0,0.0,0.0,0.0,1.0
recording_17042023_105647,0.0,1.0,0.0,0.0,0.0,0.0,0.0
recording_29042023_110510,0.0,0.0,0.0,0.0,0.0,0.0,1.0
recording_14042023_123941,0.0,0.0,0.0,0.0,1.0,0.0,0.0
recording_13042023_161523,0.0,0.0,0.0,0.0,0.0,1.0,0.0
recording_13042023_153936,0.0,0.0,0.0,0.0,0.0,1.0,0.0
recording_13042023_153605,0.0,0.0,0.0,1.0,0.0,0.0,0.0
recording_21042023_085417,0.0,0.0,0.0,0.0,0.0,0.0,1.0
recording_02052023_120340,1.0,0.0,0.0,0.0,0.0,0.0,0.0
recording_11042023_114839,0.0,1.0,0.0,0.0,0.0,0.0,0.0
recording_11042023_114909,0.0,1.0,0.0,0.0,0.0,0.0,0.0
recording_19042023_103840,0.0,0.0,0.0,0.0,0.0,1.0,0.0
recording_20042023_125012,0.0,0.0,0.0,1.0,0.0,0.0,0.0
recording_05042023_140354,0.0,1.0,0.0,0.0,0.0,0.0,0.0
recording_05042023_124526,0.0,0.0,0.0,1.0,0.0,0.0,0.0
recording_06042023_133133,0.0,0.0,0.0,0.0,1.0,0.0,0.0
recording_18042023_122520,0.0,1.0,0.0,0.0,0.0,0.0,0.0
recording_14042023_120234,0.0,0.0,0.0,0.0,0.0,1.0,0.0
recording_29042023_110443,0.0,0.0,0.0,0.0,0.0,0.0,1.0
recording_11042023_115823,0.0,0.0,0.0,0.0,0.0,1.0,0.0
recording_13042023_155648,0.0,0.0,0.0,0.0,0.0,1.0,0.0
recording_13042023_162609,0.0,0.0,0.0,0.0,1.0,0.0,0.0
recording_13042023_163130,0.0,0.0,0.0,0.0,1.0,0.0,0.0
recording_17042023_103818,0.0,1.0,0.0,0.0,0.0,0.0,0.0
recording_13042023_153931,0.0,0.0,0.0,0.0,0.0,1.0,0.0
recording_06042023_130020,0.0,0.0,0.0,0.0,1.0,0.0,0.0
recording_11042023_121621,0.0,0.0,0.0,0.0,1.0,0.0,0.0
recording_29042023_113047,0.0,0.0,0.0,0.0,0.0,0.0,1.0
recording_12042023_100627,1.0,0.0,0.0,0.0,0.0,0.0,0.0
recording_21042023_152107,0.0,0.0,0.0,0.0,0.0,0.0,1.0
recording_12042023_100922,0.0,0.0,1.0,0.0,0.0,0.0,0.0
recording_05042023_130851,1.0,0.0,0.0,0.0,0.0,0.0,0.0
recording_09052023_101524,1.0,0.0,0.0,0.0,0.0,0.0,0.0
recording_03052023_150721,0.0,0.0,0.0,1.0,0.0,0.0,0.0
recording_21042023_090355,0.0,0.0,1.0,0.0,0.0,0.0,0.0
recording_13042023_162448,0.0,0.0,0.0,0.0,1.0,0.0,0.0
recording_12042023_101211,0.0,1.0,0.0,0.0,0.0,0.0,0.0
recording_13042023_160032,1.0,0.0,0.0,0.0,0.0,0.0,0.0
recording_17042023_112237,0.0,0.0,0.0,0.0,0.0,0.0,1.0
recording_05042023_130134,0.0,1.0,0.0,0.0,0.0,0.0,0.0
recording_20042023_112827,1.0,0.0,0.0,0.0,0.0,0.0,0.0
recording_06042023_121217,0.0,0.0,0.0,0.0,0.0,1.0,0.0
recording_09052023_115619,1.0,0.0,0.0,0.0,0.0,0.0,0.0
recording_05042023_141743,0.0,0.0,0.0,0.0,1.0,0.0,0.0
recording_29042023_110957,0.0,0.0,1.0,0.0,0.0,0.0,0.0
recording_03052023_125625,0.0,0.0,0.0,0.0,0.0,1.0,0.0
recording_02052023_120301,1.0,0.0,0.0,0.0,0.0,0.0,0.0
recording_17042023_121746,0.0,0.0,0.0,0.0,0.0,1.0,0.0
recording_05042023_130630,0.0,0.0,0.0,1.0,0.0,0.0,0.0
recording_13042023_155746,0.0,0.0,0.0,0.0,0.0,1.0,0.0
recording_11042023_115052,0.0,0.0,0.0,0.0,0.0,1.0,0.0
recording_20042023_124848,0.0,0.0,0.0,0.0,0.0,1.0,0.0
recording_13042023_154303,0.0,0.0,0.0,1.0,0.0,0.0,0.0
recording_14042023_123932,0.0,0.0,0.0,0.0,1.0,0.0,0.0
recording_05042023_141751,0.0,0.0,0.0,0.0,1.0,0.0,0.0
recording_06042023_120450,0.0,0.0,0.0,0.0,0.0,0.0,1.0
recording_11042023_121855,0.0,0.0,0.0,0.0,1.0,0.0,0.0
recording_20042023_121952,0.0,0.0,0.0,0.0,0.0,0.0,1.0
recording_11042023_114652,0.0,0.0,0.0,0.0,1.0,0.0,0.0
recording_13042023_154820,0.0,0.0,1.0,0.0,0.0,0.0,0.0
recording_20042023_121924,0.0,0.0,0.0,0.0,0.0,0.0,1.0
recording_12042023_101111,0.0,1.0,0.0,0.0,0.0,0.0,0.0
recording_14042023_123927,0.0,0.0,0.0,0.0,1.0,0.0,0.0
recording_20042023_124724,0.0,0.0,0.0,1.0,0.0,0.0,0.0
recording_05042023_124428,0.0,0.0,0.0,1.0,0.0,0.0,0.0
recording_12052023_130918,1.0,0.0,0.0,0.0,0.0,0.0,0.0
recording_06042023_120553,0.0,0.0,0.0,0.0,0.0,0.0,1.0
recording_14042023_115029,0.0,0.0,0.0,0.0,0.0,1.0,0.0
recording_03052023_131132,1.0,0.0,0.0,0.0,0.0,0.0,0.0
recording_06042023_125257,0.0,1.0,0.0,0.0,0.0,0.0,0.0
recording_12052023_131001,0.0,0.0,0.0,0.0,0.0,1.0,0.0
recording_11042023_115747,0.0,0.0,0.0,0.0,0.0,1.0,0.0
recording_20042023_115333,1.0,0.0,0.0,0.0,0.0,0.0,0.0
recording_03052023_150349,0.0,0.0,0.0,1.0,0.0,0.0,0.0
recording_21042023_085950,0.0,1.0,0.0,0.0,0.0,0.0,0.0
recording_12042023_101205,0.0,1.0,0.0,0.0,0.0,0.0,0.0
recording_02052023_154800,0.0,0.0,0.0,1.0,0.0,0.0,0.0
recording_20042023_121939,0.0,0.0,0.0,0.0,0.0,0.0,1.0
recording_13042023_161912,0.0,0.0,0.0,0.0,1.0,0.0,0.0
recording_05042023_125618,1.0,0.0,0.0,0.0,0.0,0.0,0.0
recording_18042023_122710,0.0,1.0,0.0,0.0,0.0,0.0,0.0
recording_05042023_123705,0.0,1.0,0.0,0.0,0.0,0.0,0.0
recording_13042023_154751,0.0,0.0,0.0,1.0,0.0,0.0,0.0
recording_21042023_090418,0.0,0.0,1.0,0.0,0.0,0.0,0.0
recording_14042023_124000,0.0,0.0,0.0,0.0,1.0,0.0,0.0
recording_13042023_155134,0.0,0.0,0.0,0.0,0.0,0.0,1.0
recording_12042023_101048,0.0,1.0,0.0,0.0,0.0,0.0,0.0
recording_29042023_111017,0.0,0.0,1.0,0.0,0.0,0.0,0.0
recording_21042023_084917,0.0,0.0,0.0,0.0,0.0,0.0,1.0
recording_17042023_121803,0.0,0.0,0.0,0.0,0.0,1.0,0.0
recording_12042023_100909,0.0,0.0,1.0,0.0,0.0,0.0,0.0
recording_13042023_160330,0.0,0.0,0.0,0.0,0.0,1.0,0.0
recording_17042023_103657,0.0,1.0,0.0,0.0,0.0,0.0,0.0
recording_05042023_141809,0.0,0.0,0.0,0.0,1.0,0.0,0.0
recording_13042023_154320,0.0,0.0,0.0,1.0,0.0,0.0,0.0
recording_06042023_130720,0.0,0.0,0.0,0.0,1.0,0.0,0.0
recording_13042023_154437,0.0,0.0,0.0,1.0,0.0,0.0,0.0
recording_12052023_104103,0.0,1.0,0.0,0.0,0.0,0.0,0.0
recording_09052023_100633,1.0,0.0,0.0,0.0,0.0,0.0,0.0
recording_11042023_114833,0.0,1.0,0.0,0.0,0.0,0.0,0.0
recording_03052023_125404,0.0,0.0,0.0,0.0,1.0,0.0,0.0
recording_02052023_151706,0.0,0.0,0.0,0.0,0.0,1.0,0.0
recording_13042023_161639,0.0,0.0,0.0,0.0,1.0,0.0,0.0
recording_09052023_120206,1.0,0.0,0.0,0.0,0.0,0.0,0.0
recording_03052023_125736,0.0,0.0,0.0,0.0,0.0,1.0,0.0
recording_13042023_154118,0.0,0.0,0.0,0.0,0.0,0.0,1.0
recording_03052023_130800,0.0,1.0,0.0,0.0,0.0,0.0,0.0
recording_20042023_124420,0.0,0.0,0.0,1.0,0.0,0.0,0.0
recording_14042023_120244,0.0,0.0,0.0,0.0,0.0,1.0,0.0
recording_14042023_120249,0.0,0.0,0.0,0.0,0.0,1.0,0.0
recording_06042023_130014,0.0,0.0,0.0,0.0,1.0,0.0,0.0
recording_11042023_115805,0.0,0.0,0.0,0.0,0.0,1.0,0.0
recording_13042023_155634,0.0,0.0,0.0,0.0,0.0,1.0,0.0
recording_13042023_161540,0.0,0.0,0.0,0.0,1.0,0.0,0.0
recording_21042023_085139,0.0,1.0,0.0,0.0,0.0,0.0,0.0
recording_13042023_155405,0.0,0.0,0.0,1.0,0.0,0.0,0.0
recording_21042023_151400,0.0,0.0,1.0,0.0,0.0,0.0,0.0
recording_21042023_085204,0.0,0.0,0.0,0.0,0.0,0.0,1.0
recording_03052023_150709,0.0,0.0,0.0,1.0,0.0,0.0,0.0
recording_20042023_124715,0.0,0.0,0.0,1.0,0.0,0.0,0.0
recording_18042023_123710,0.0,0.0,0.0,0.0,0.0,1.0,0.0
recording_05042023_141303,0.0,0.0,1.0,0.0,0.0,0.0,0.0
recording_20042023_112713,1.0,0.0,0.0,0.0,0.0,0.0,0.0
recording_11042023_111359,0.0,0.0,0.0,1.0,0.0,0.0,0.0
recording_05042023_141245,0.0,0.0,1.0,0.0,0.0,0.0,0.0
recording_29042023_111033,0.0,0.0,1.0,0.0,0.0,0.0,0.0
recording_13042023_153617,0.0,0.0,0.0,1.0,0.0,0.0,0.0
recording_19042023_104028,0.0,0.0,0.0,0.0,0.0,1.0,0.0
recording_05042023_125010,0.0,0.0,1.0,0.0,0.0,0.0,0.0
recording_03052023_150412,0.0,0.0,0.0,1.0,0.0,0.0,0.0
recording_13042023_153628,0.0,0.0,0.0,1.0,0.0,0.0,0.0
recording_11042023_121524,0.0,0.0,0.0,0.0,1.0,0.0,0.0
recording_05042023_131425,0.0,0.0,0.0,0.0,0.0,0.0,1.0
recording_13042023_160244,0.0,0.0,0.0,0.0,0.0,1.0,0.0
recording_06042023_131533,0.0,0.0,0.0,0.0,0.0,1.0,0.0
recording_03052023_150716,0.0,0.0,0.0,1.0,0.0,0.0,0.0
recording_20042023_114814,0.0,0.0,1.0,0.0,0.0,0.0,0.0
recording_17042023_103743,0.0,1.0,0.0,0.0,0.0,0.0,0.0
recording_09052023_115655,1.0,0.0,0.0,0.0,0.0,0.0,0.0
recording_14042023_124007,0.0,0.0,0.0,0.0,1.0,0.0,0.0
recording_29042023_110714,0.0,0.0,0.0,0.0,0.0,0.0,1.0
recording_29042023_110611,0.0,0.0,0.0,0.0,0.0,0.0,1.0
recording_05042023_131408,0.0,0.0,0.0,0.0,0.0,0.0,1.0
recording_05042023_141608,1.0,0.0,0.0,0.0,0.0,0.0,0.0
recording_06042023_130734,0.0,0.0,0.0,0.0,1.0,0.0,0.0
recording_09052023_120254,1.0,0.0,0.0,0.0,0.0,0.0,0.0
recording_12052023_103604,0.0,1.0,0.0,0.0,0.0,0.0,0.0
recording_13042023_163022,0.0,0.0,0.0,0.0,0.0,1.0,0.0
recording_09052023_100657,1.0,0.0,0.0,0.0,0.0,0.0,0.0
recording_13042023_162543,0.0,0.0,0.0,0.0,1.0,0.0,0.0
recording_20042023_122005,0.0,0.0,0.0,0.0,0.0,0.0,1.0
recording_14042023_115109,0.0,0.0,0.0,0.0,0.0,1.0,0.0
recording_21042023_085058,0.0,1.0,0.0,0.0,0.0,0.0,0.0
recording_03052023_130730,0.0,1.0,0.0,0.0,0.0,0.0,0.0
recording_05042023_141737,0.0,0.0,0.0,0.0,1.0,0.0,0.0
recording_09052023_101503,1.0,0.0,0.0,0.0,0.0,0.0,0.0
recording_13042023_155348,0.0,0.0,0.0,1.0,0.0,0.0,0.0
recording_18042023_123725,0.0,0.0,0.0,0.0,0.0,1.0,0.0
recording_17042023_111459,1.0,0.0,0.0,0.0,0.0,0.0,0.0
recording_06042023_125342,0.0,0.0,0.0,0.0,1.0,0.0,0.0
recording_13042023_161624,0.0,0.0,0.0,0.0,1.0,0.0,0.0
recording_13042023_162628,0.0,0.0,0.0,0.0,1.0,0.0,0.0
recording_20042023_124833,0.0,0.0,0.0,0.0,0.0,1.0,0.0
recording_29042023_113110,0.0,0.0,0.0,0.0,0.0,0.0,1.0
recording_13042023_155759,0.0,0.0,0.0,0.0,0.0,1.0,0.0
recording_12052023_130943,1.0,0.0,0.0,0.0,0.0,0.0,0.0
recording_05042023_130648,1.0,0.0,0.0,0.0,0.0,0.0,0.0
recording_21042023_152047,0.0,0.0,0.0,0.0,0.0,0.0,1.0
recording_11042023_121928,0.0,0.0,0.0,0.0,1.0,0.0,0.0
recording_06042023_135737,0.0,0.0,0.0,0.0,0.0,1.0,0.0
recording_21042023_151408,0.0,0.0,1.0,0.0,0.0,0.0,0.0
recording_03052023_130735,0.0,1.0,0.0,0.0,0.0,0.0,0.0
recording_05042023_124923,0.0,0.0,1.0,0.0,0.0,0.0,0.0
recording_12052023_132626,0.0,0.0,0.0,0.0,0.0,1.0,0.0
recording_20042023_112704,1.0,0.0,0.0,0.0,0.0,0.0,0.0
recording_13042023_162556,0.0,0.0,0.0,0.0,1.0,0.0,0.0
recording_21042023_161003,0.0,0.0,1.0,0.0,0.0,0.0,0.0
recording_20042023_124956,0.0,0.0,0.0,1.0,0.0,0.0,0.0
recording_12052023_130956,0.0,0.0,0.0,0.0,0.0,1.0,0.0
recording_13042023_162015,0.0,0.0,0.0,0.0,1.0,0.0,0.0
recording_11042023_115646,0.0,0.0,0.0,1.0,0.0,0.0,0.0
recording_13042023_155738,0.0,0.0,0.0,0.0,0.0,1.0,0.0
recording_13042023_153558,0.0,0.0,0.0,1.0,0.0,0.0,0.0
recording_13042023_155640,0.0,0.0,0.0,0.0,0.0,1.0,0.0
recording_13042023_155955,1.0,0.0,0.0,0.0,0.0,0.0,0.0
recording_06042023_121144,0.0,0.0,0.0,0.0,0.0,1.0,0.0
recording_05042023_140245,0.0,1.0,0.0,0.0,0.0,0.0,0.0
recording_29042023_110652,0.0,0.0,0.0,0.0,0.0,0.0,1.0
recording_02052023_151020,0.0,0.0,0.0,0.0,0.0,1.0,0.0
recording_13042023_161717,0.0,0.0,0.0,0.0,1.0,0.0,0.0
recording_13042023_155254,0.0,0.0,0.0,0.0,0.0,0.0,1.0
recording_21042023_085434,0.0,0.0,0.0,0.0,0.0,0.0,1.0
recording_13042023_162101,0.0,0.0,0.0,0.0,1.0,0.0,0.0
recording_11042023_115817,0.0,0.0,0.0,0.0,0.0,1.0,0.0
recording_03052023_131056,1.0,0.0,0.0,0.0,0.0,0.0,0.0
recording_12042023_101610,0.0,1.0,0.0,0.0,0.0,0.0,0.0
recording_09052023_120816,0.0,0.0,1.0,0.0,0.0,0.0,0.0
recording_09052023_120225,1.0,0.0,0.0,0.0,0.0,0.0,0.0
recording_13042023_162240,0.0,0.0,0.0,0.0,1.0,0.0,0.0
recording_11042023_111327,0.0,0.0,0.0,1.0,0.0,0.0,0.0
recording_13042023_155235,0.0,0.0,0.0,0.0,0.0,0.0,1.0
recording_03052023_125742,0.0,0.0,0.0,0.0,0.0,1.0,0.0
recording_11042023_114631,0.0,0.0,0.0,0.0,1.0,0.0,0.0
recording_11042023_115753,0.0,0.0,0.0,0.0,0.0,1.0,0.0
recording_12052023_103615,0.0,1.0,0.0,0.0,0.0,0.0,0.0
recording_29042023_110639,0.0,0.0,0.0,0.0,0.0,0.0,1.0
recording_06042023_125347,0.0,0.0,0.0,0.0,1.0,0.0,0.0
recording_12042023_100636,1.0,0.0,0.0,0.0,0.0,0.0,0.0
recording_03052023_125712,0.0,0.0,0.0,0.0,0.0,1.0,0.0
recording_13042023_153720,0.0,0.0,0.0,1.0,0.0,0.0,0.0
recording_29042023_110129,0.0,0.0,0.0,0.0,0.0,0.0,1.0
recording_06042023_131559,0.0,0.0,0.0,0.0,0.0,1.0,0.0
recording_13042023_160005,1.0,0.0,0.0,0.0,0.0,0.0,0.0
recording_21042023_085506,0.0,0.0,0.0,0.0,0.0,0.0,1.0
recording_13042023_162703,0.0,0.0,0.0,0.0,1.0,0.0,0.0
recording_03052023_125749,0.0,0.0,0.0,0.0,1.0,0.0,0.0
recording_13042023_154329,0.0,0.0,0.0,1.0,0.0,0.0,0.0
recording_20042023_115344,1.0,0.0,0.0,0.0,0.0,0.0,0.0
recording_20042023_124344,0.0,0.0,0.0,1.0,0.0,0.0,0.0
recording_14042023_123840,0.0,0.0,0.0,0.0,1.0,0.0,0.0
recording_05042023_125610,1.0,0.0,0.0,0.0,0.0,0.0,0.0
recording_18042023_122510,0.0,1.0,0.0,0.0,0.0,0.0,0.0
recording_18042023_122728,0.0,1.0,0.0,0.0,0.0,0.0,0.0
recording_05042023_131447,0.0,0.0,0.0,0.0,0.0,0.0,1.0
recording_06042023_133140,0.0,0.0,0.0,0.0,1.0,0.0,0.0
recording_14042023_115041,0.0,0.0,0.0,0.0,0.0,1.0,0.0
recording_06042023_130037,0.0,0.0,0.0,0.0,1.0,0.0,0.0
recording_05042023_124946,0.0,0.0,1.0,0.0,0.0,0.0,0.0
recording_11042023_115046,0.0,0.0,0.0,0.0,0.0,1.0,0.0
recording_29042023_111024,0.0,0.0,1.0,0.0,0.0,0.0,0.0
recording_21042023_090235,0.0,0.0,1.0,0.0,0.0,0.0,0.0
recording_29042023_113239,0.0,0.0,1.0,0.0,0.0,0.0,0.0
recording_11042023_114615,0.0,0.0,0.0,0.0,1.0,0.0,0.0
recording_13042023_154745,0.0,0.0,0.0,1.0,0.0,0.0,0.0
recording_06042023_135222,0.0,0.0,0.0,0.0,1.0,0.0,0.0
recording_18042023_122554,0.0,1.0,0.0,0.0,0.0,0.0,0.0
recording_02052023_155003,0.0,0.0,0.0,1.0,0.0,0.0,0.0
recording_18042023_122648,0.0,1.0,0.0,0.0,0.0,0.0,0.0
recording_05042023_124509,0.0,0.0,0.0,1.0,0.0,0.0,0.0
recording_29042023_110457,0.0,0.0,0.0,0.0,0.0,0.0,1.0
recording_13042023_162654,0.0,0.0,0.0,0.0,1.0,0.0,0.0
recording_09052023_115643,1.0,0.0,0.0,0.0,0.0,0.0,0.0
recording_14042023_120239,0.0,0.0,0.0,0.0,0.0,1.0,0.0
recording_11042023_111302,0.0,0.0,0.0,1.0,0.0,0.0,0.0
recording_09052023_120826,0.0,0.0,1.0,0.0,0.0,0.0,0.0
recording_06042023_135747,0.0,0.0,0.0,0.0,0.0,1.0,0.0
recording_09052023_101513,1.0,0.0,0.0,0.0,0.0,0.0,0.0
recording_09052023_115649,1.0,0.0,0.0,0.0,0.0,0.0,0.0
recording_17042023_110144,0.0,0.0,0.0,1.0,0.0,0.0,0.0
recording_21042023_151416,0.0,0.0,1.0,0.0,0.0,0.0,0.0
recording_11042023_115058,0.0,1.0,0.0,0.0,0.0,0.0,0.0
recording_09052023_100709,1.0,0.0,0.0,0.0,0.0,0.0,0.0
recording_11042023_114818,0.0,0.0,0.0,0.0,0.0,1.0,0.0
recording_29042023_113257,0.0,0.0,1.0,0.0,0.0,0.0,0.0
recording_05042023_124440,0.0,0.0,0.0,1.0,0.0,0.0,0.0
recording_06042023_122159,0.0,0.0,0.0,0.0,0.0,0.0,1.0
recording_13042023_162745,0.0,0.0,0.0,0.0,1.0,0.0,0.0
recording_29042023_110708,0.0,0.0,0.0,0.0,0.0,0.0,1.0
recording_13042023_161501,0.0,0.0,0.0,0.0,0.0,1.0,0.0
recording_13042023_160701,0.0,1.0,0.0,0.0,0.0,0.0,0.0
recording_11042023_115109,0.0,0.0,0.0,0.0,0.0,1.0,0.0
recording_17042023_103652,0.0,1.0,0.0,0.0,0.0,0.0,0.0
recording_05042023_130710,1.0,0.0,0.0,0.0,0.0,0.0,0.0
recording_13042023_153641,0.0,0.0,0.0,1.0,0.0,0.0,0.0
recording_09052023_120940,0.0,0.0,1.0,0.0,0.0,0.0,0.0
recording_17042023_103703,0.0,1.0,0.0,0.0,0.0,0.0,0.0
recording_11042023_114646,0.0,0.0,0.0,0.0,1.0,0.0,0.0
recording_13042023_161651,0.0,0.0,0.0,0.0,1.0,0.0,0.0
recording_06042023_135146,0.0,0.0,0.0,0.0,1.0,0.0,0.0
recording_13042023_155207,0.0,0.0,0.0,0.0,0.0,0.0,1.0
recording_09052023_100639,1.0,0.0,0.0,0.0,0.0,0.0,0.0
recording_11042023_120129,0.0,0.0,0.0,0.0,1.0,0.0,0.0
recording_13042023_161839,0.0,0.0,0.0,0.0,1.0,0.0,0.0
recording_05042023_130217,0.0,1.0,0.0,0.0,0.0,0.0,0.0
recording_02052023_120247,1.0,0.0,0.0,0.0,0.0,0.0,0.0
recording_11042023_120142,0.0,0.0,0.0,0.0,1.0,0.0,0.0
recording_19042023_104102,0.0,0.0,0.0,0.0,0.0,1.0,0.0
recording_17042023_110245,0.0,0.0,0.0,1.0,0.0,0.0,0.0
recording_20042023_124701,0.0,0.0,0.0,1.0,0.0,0.0,0.0
recording_17042023_121839,0.0,0.0,0.0,0.0,0.0,1.0,0.0
recording_12042023_100824,0.0,0.0,1.0,0.0,0.0,0.0,0.0
recording_21042023_161041,0.0,0.0,1.0,0.0,0.0,0.0,0.0
recording_09052023_120248,1.0,0.0,0.0,0.0,0.0,0.0,0.0
recording_12042023_101414,0.0,1.0,0.0,0.0,0.0,0.0,0.0
recording_18042023_123704,0.0,0.0,0.0,0.0,0.0,1.0,0.0
recording_14042023_114955,0.0,0.0,0.0,0.0,0.0,1.0,0.0
recording_02052023_120323,1.0,0.0,0.0,0.0,0.0,0.0,0.0
recording_11042023_115810,0.0,0.0,0.0,0.0,0.0,1.0,0.0
recording_05042023_140811,0.0,0.0,0.0,1.0,0.0,0.0,0.0
recording_13042023_153907,0.0,0.0,0.0,0.0,0.0,1.0,0.0
recording_03052023_131125,1.0,0.0,0.0,0.0,0.0,0.0,0.0
recording_02052023_151824,0.0,0.0,0.0,0.0,0.0,1.0,0.0
recording_21042023_152039,0.0,0.0,0.0,0.0,0.0,0.0,1.0
recording_21042023_090228,0.0,0.0,1.0,0.0,0.0,0.0,0.0
recording_06042023_130116,0.0,0.0,0.0,0.0,1.0,0.0,0.0
recording_09052023_101453,1.0,0.0,0.0,0.0,0.0,0.0,0.0
recording_11042023_111315,0.0,0.0,0.0,1.0,0.0,0.0,0.0
recording_09052023_120237,1.0,0.0,0.0,0.0,0.0,0.0,0.0
recording_05042023_130149,0.0,1.0,0.0,0.0,0.0,0.0,0.0
recording_13042023_162354,0.0,0.0,0.0,0.0,1.0,0.0,0.0
recording_05042023_124916,0.0,0.0,1.0,0.0,0.0,0.0,0.0
recording_05042023_131349,0.0,0.0,0.0,0.0,0.0,0.0,1.0
recording_21042023_090401,0.0,0.0,1.0,0.0,0.0,0.0,0.0
recording_13042023_162207,0.0,0.0,0.0,0.0,1.0,0.0,0.0
recording_05042023_141544,1.0,0.0,0.0,0.0,0.0,0.0,0.0
recording_05042023_140401,0.0,1.0,0.0,0.0,0.0,0.0,0.0
recording_17042023_111431,1.0,0.0,0.0,0.0,0.0,0.0,0.0
recording_20042023_114715,0.0,0.0,1.0,0.0,0.0,0.0,0.0
recording_21042023_090413,0.0,0.0,1.0,0.0,0.0,0.0,0.0
recording_14042023_115053,0.0,0.0,0.0,0.0,0.0,1.0,0.0
recording_13042023_162841,0.0,0.0,0.0,0.0,1.0,0.0,0.0
recording_13042023_162811,0.0,0.0,0.0,0.0,1.0,0.0,0.0
recording_17042023_103717,0.0,1.0,0.0,0.0,0.0,0.0,0.0
recording_03052023_125530,0.0,0.0,0.0,0.0,0.0,1.0,0.0
recording_13042023_154032,0.0,0.0,0.0,0.0,0.0,1.0,0.0
recording_13042023_153737,0.0,0.0,0.0,1.0,0.0,0.0,0.0
recording_29042023_113013,0.0,0.0,0.0,0.0,0.0,0.0,1.0
recording_05042023_140846,0.0,0.0,0.0,1.0,0.0,0.0,0.0
recording_13042023_160206,0.0,0.0,0.0,0.0,0.0,1.0,0.0
recording_12052023_103515,0.0,1.0,0.0,0.0,0.0,0.0,0.0
recording_12052023_103546,0.0,1.0,0.0,0.0,0.0,0.0,0.0
recording_13042023_163054,0.0,0.0,0.0,0.0,1.0,0.0,0.0
recording_05042023_123650,0.0,1.0,0.0,0.0,0.0,0.0,0.0
recording_13042023_160635,0.0,1.0,0.0,0.0,0.0,0.0,0.0
recording_21042023_160748,0.0,0.0,1.0,0.0,0.0,0.0,0.0
recording_21042023_152021,0.0,0.0,0.0,0.0,0.0,0.0,1.0
recording_20042023_125019,0.0,0.0,0.0,1.0,0.0,0.0,0.0
recording_20042023_124908,0.0,0.0,0.0,1.0,0.0,0.0,0.0
recording_06042023_125308,0.0,0.0,0.0,0.0,1.0,0.0,0.0
recording_06042023_130031,0.0,0.0,0.0,0.0,1.0,0.0,0.0
recording_29042023_110436,0.0,0.0,0.0,0.0,0.0,0.0,1.0
recording_13042023_161939,0.0,0.0,0.0,0.0,1.0,0.0,0.0
recording_13042023_160352,0.0,0.0,0.0,0.0,0.0,1.0,0.0
recording_18042023_124021,0.0,0.0,0.0,0.0,1.0,0.0,0.0
recording_20042023_125004,0.0,0.0,0.0,1.0,0.0,0.0,0.0
recording_19042023_104018,0.0,0.0,0.0,0.0,0.0,1.0,0.0
recording_19042023_103759,0.0,0.0,0.0,0.0,0.0,1.0,0.0
recording_09052023_115600,1.0,0.0,0.0,0.0,0.0,0.0,0.0
recording_06042023_120513,0.0,0.0,0.0,0.0,0.0,1.0,0.0
recording_11042023_115732,0.0,0.0,0.0,0.0,0.0,1.0,0.0
recording_09052023_100651,1.0,0.0,0.0,0.0,0.0,0.0,0.0
recording_13042023_162347,0.0,0.0,0.0,0.0,1.0,0.0,0.0
recording_09052023_120909,0.0,0.0,1.0,0.0,0.0,0.0,0.0
recording_29042023_113117,0.0,0.0,0.0,0.0,0.0,0.0,1.0
recording_19042023_103714,0.0,0.0,0.0,0.0,0.0,0.0,1.0
recording_05042023_140835,0.0,0.0,0.0,1.0,0.0,0.0,0.0
recording_20042023_124404,0.0,0.0,0.0,1.0,0.0,0.0,0.0
recording_05042023_130845,0.0,0.0,0.0,1.0,0.0,0.0,0.0
recording_09052023_115637,1.0,0.0,0.0,0.0,0.0,0.0,0.0
recording_02052023_154809,0.0,0.0,0.0,1.0,0.0,0.0,0.0
recording_13042023_161532,0.0,0.0,0.0,0.0,0.0,1.0,0.0
recording_12052023_130923,1.0,0.0,0.0,0.0,0.0,0.0,0.0
recording_13042023_160010,1.0,0.0,0.0,0.0,0.0,0.0,0.0
recording_06042023_130743,0.0,0.0,0.0,0.0,1.0,0.0,0.0
recording_20042023_124728,0.0,0.0,0.0,1.0,0.0,0.0,0.0
recording_12042023_101604,0.0,1.0,0.0,0.0,0.0,0.0,0.0
recording_13042023_162551,0.0,0.0,0.0,0.0,1.0,0.0,0.0
recording_13042023_163123,0.0,0.0,0.0,0.0,1.0,0.0,0.0
recording_29042023_111308,0.0,0.0,1.0,0.0,0.0,0.0,0.0
recording_19042023_104010,0.0,0.0,0.0,0.0,0.0,1.0,0.0
recording_03052023_150339,0.0,0.0,0.0,1.0,0.0,0.0,0.0
recording_13042023_160622,0.0,1.0,0.0,0.0,0.0,0.0,0.0
recording_06042023_131541,0.0,0.0,0.0,0.0,0.0,1.0,0.0
recording_13042023_160336,0.0,0.0,0.0,0.0,0.0,1.0,0.0
recording_02052023_151659,0.0,0.0,0.0,0.0,0.0,1.0,0.0
recording_20042023_112754,1.0,0.0,0.0,0.0,0.0,0.0,0.0
recording_12042023_101218,0.0,1.0,0.0,0.0,0.0,0.0,0.0
recording_13042023_155613,0.0,0.0,0.0,1.0,0.0,0.0,0.0
recording_13042023_162621,0.0,0.0,0.0,0.0,1.0,0.0,0.0
recording_02052023_120920,1.0,0.0,0.0,0.0,0.0,0.0,0.0
recording_06042023_133106,0.0,0.0,0.0,0.0,1.0,0.0,0.0
recording_20042023_124705,0.0,0.0,0.0,1.0,0.0,0.0,0.0
recording_14042023_115048,0.0,0.0,0.0,0.0,0.0,1.0,0.0
recording_21042023_160951,0.0,0.0,1.0,0.0,0.0,0.0,0.0
recording_29042023_113123,0.0,0.0,0.0,0.0,0.0,0.0,1.0
recording_14042023_120301,0.0,0.0,0.0,0.0,0.0,1.0,0.0
recording_06042023_135229,0.0,0.0,0.0,0.0,1.0,0.0,0.0
recording_21042023_085935,0.0,1.0,0.0,0.0,0.0,0.0,0.0
recording_13042023_162414,0.0,0.0,0.0,0.0,1.0,0.0,0.0
recording_17042023_121823,0.0,0.0,0.0,0.0,0.0,1.0,0.0
recording_21042023_084840,0.0,0.0,0.0,0.0,0.0,0.0,1.0
recording_11042023_114828,0.0,1.0,0.0,0.0,0.0,0.0,0.0
recording_06042023_125937,0.0,0.0,0.0,0.0,1.0,0.0,0.0
recording_17042023_111412,1.0,0.0,0.0,0.0,0.0,0.0,0.0
recording_05042023_140907,0.0,0.0,0.0,1.0,0.0,0.0,0.0
recording_13042023_162434,0.0,0.0,0.0,0.0,1.0,0.0,0.0
recording_11042023_111320,0.0,0.0,0.0,1.0,0.0,0.0,0.0
recording_03052023_125606,0.0,0.0,0.0,0.0,0.0,1.0,0.0
recording_20042023_124843,0.0,0.0,0.0,0.0,0.0,1.0,0.0
recording_20042023_114748,0.0,0.0,1.0,0.0,0.0,0.0,0.0
recording_02052023_155007,0.0,0.0,0.0,1.0,0.0,0.0,0.0
recording_13042023_162650,0.0,0.0,0.0,0.0,1.0,0.0,0.0
recording_21042023_084852,0.0,0.0,0.0,0.0,0.0,0.0,1.0
recording_13042023_160221,0.0,0.0,0.0,0.0,0.0,1.0,0.0
recording_03052023_131158,1.0,0.0,0.0,0.0,0.0,0.0,0.0
recording_13042023_155341,0.0,0.0,0.0,1.0,0.0,0.0,0.0
recording_13042023_161620,0.0,0.0,0.0,0.0,1.0,0.0,0.0
recording_17042023_121846,0.0,0.0,0.0,0.0,0.0,1.0,0.0
recording_17042023_111423,1.0,0.0,0.0,0.0,0.0,0.0,0.0
recording_13042023_160655,0.0,1.0,0.0,0.0,0.0,0.0,0.0
recording_13042023_162057,0.0,0.0,0.0,0.0,1.0,0.0,0.0
recording_05042023_130127,0.0,1.0,0.0,0.0,0.0,0.0,0.0
recording_14042023_120228,0.0,0.0,0.0,0.0,0.0,1.0,0.0
recording_21042023_090424,0.0,0.0,1.0,0.0,0.0,0.0,0.0
recording_12042023_100901,0.0,0.0,1.0,0.0,0.0,0.0,0.0
recording_09052023_120852,0.0,0.0,1.0,0.0,0.0,0.0,0.0
recording_21042023_151443,0.0,0.0,1.0,0.0,0.0,0.0,0.0
recording_29042023_110522,0.0,0.0,0.0,0.0,0.0,0.0,1.0
recording_05042023_140817,0.0,0.0,0.0,1.0,0.0,0.0,0.0
recording_11042023_111353,0.0,0.0,0.0,1.0,0.0,0.0,0.0
recording_03052023_150643,0.0,0.0,0.0,1.0,0.0,0.0,0.0
recording_21042023_152119,0.0,0.0,0.0,0.0,0.0,0.0,1.0
recording_21042023_090432,0.0,0.0,1.0,0.0,0.0,0.0,0.0
recording_13042023_162149,0.0,0.0,0.0,0.0,1.0,0.0,0.0
recording_13042023_153635,0.0,0.0,0.0,1.0,0.0,0.0,0.0
recording_13042023_161456,0.0,0.0,0.0,0.0,0.0,1.0,0.0
recording_13042023_153742,0.0,0.0,0.0,1.0,0.0,0.0,0.0
recording_20042023_124913,0.0,0.0,0.0,1.0,0.0,0.0,0.0
recording_11042023_114625,0.0,0.0,0.0,0.0,1.0,0.0,0.0
recording_11042023_121919,0.0,0.0,0.0,0.0,1.0,0.0,0.0
recording_14042023_115036,0.0,0.0,0.0,0.0,0.0,1.0,0.0
recording_21042023_160612,0.0,0.0,1.0,0.0,0.0,0.0,0.0
recording_18042023_124003,0.0,0.0,0.0,0.0,1.0,0.0,0.0
recording_13042023_153547,0.0,0.0,0.0,1.0,0.0,0.0,0.0
recording_06042023_120527,0.0,0.0,0.0,0.0,0.0,0.0,1.0
recording_12042023_101354,0.0,1.0,0.0,0.0,0.0,0.0,0.0
recording_20042023_114734,0.0,0.0,1.0,0.0,0.0,0.0,0.0
recording_20042023_124853,0.0,0.0,0.0,0.0,0.0,0.0,1.0
recording_11042023_121945,0.0,0.0,0.0,0.0,1.0,0.0,0.0
recording_09052023_120832,0.0,0.0,1.0,0.0,0.0,0.0,0.0
recording_03052023_131036,1.0,0.0,0.0,0.0,0.0,0.0,0.0
recording_02052023_151010,0.0,0.0,0.0,0.0,0.0,1.0,0.0
recording_13042023_160211,0.0,0.0,0.0,1.0,0.0,0.0,0.0
recording_09052023_120846,0.0,0.0,1.0,0.0,0.0,0.0,0.0
recording_13042023_162024,0.0,0.0,0.0,0.0,1.0,0.0,0.0
recording_02052023_121038,1.0,0.0,0.0,0.0,0.0,0.0,0.0
recording_13042023_154459,0.0,0.0,0.0,1.0,0.0,0.0,0.0
recording_03052023_125428,0.0,0.0,0.0,0.0,1.0,0.0,0.0
recording_02052023_154842,0.0,0.0,0.0,1.0,0.0,0.0,0.0
recording_03052023_125717,0.0,0.0,0.0,0.0,0.0,1.0,0.0
recording_11042023_121533,0.0,0.0,0.0,0.0,0.0,0.0,1.0
recording_13042023_161509,0.0,0.0,0.0,0.0,0.0,1.0,0.0
recording_09052023_115632,1.0,0.0,0.0,0.0,0.0,0.0,0.0
recording_21042023_090407,0.0,0.0,1.0,0.0,0.0,0.0,0.0
recording_18042023_122636,0.0,1.0,0.0,0.0,0.0,0.0,0.0
recording_12052023_104108,0.0,1.0,0.0,0.0,0.0,0.0,0.0
recording_13042023_154252,0.0,0.0,0.0,1.0,0.0,0.0,0.0
recording_20042023_122012,0.0,0.0,0.0,0.0,0.0,0.0,1.0
recording_06042023_120458,0.0,0.0,0.0,0.0,0.0,1.0,0.0
recording_11042023_111333,0.0,0.0,0.0,1.0,0.0,0.0,0.0
recording_21042023_085927,0.0,1.0,0.0,0.0,0.0,0.0,0.0
recording_09052023_115552,1.0,0.0,0.0,0.0,0.0,0.0,0.0
recording_12052023_132658,0.0,0.0,0.0,0.0,0.0,1.0,0.0
recording_19042023_104040,0.0,0.0,0.0,0.0,0.0,1.0,0.0
recording_13042023_162637,0.0,0.0,0.0,0.0,1.0,0.0,0.0
recording_18042023_123717,0.0,0.0,0.0,0.0,0.0,1.0,0.0
recording_19042023_104057,0.0,0.0,0.0,0.0,0.0,1.0,0.0
recording_29042023_110503,0.0,0.0,0.0,0.0,0.0,0.0,1.0
recording_21042023_085913,0.0,1.0,0.0,0.0,0.0,0.0,0.0
recording_20042023_115257,1.0,0.0,0.0,0.0,0.0,0.0,0.0
recording_21042023_084905,0.0,0.0,0.0,0.0,0.0,0.0,1.0
recording_13042023_162613,0.0,0.0,0.0,0.0,1.0,0.0,0.0
recording_02052023_120346,1.0,0.0,0.0,0.0,0.0,0.0,0.0
recording_13042023_162422,0.0,0.0,0.0,0.0,1.0,0.0,0.0
recording_21042023_090133,0.0,0.0,1.0,0.0,0.0,0.0,0.0
recording_21042023_160913,0.0,0.0,1.0,0.0,0.0,0.0,0.0
recording_03052023_150332,0.0,0.0,0.0,1.0,0.0,0.0,0.0
recording_13042023_155225,0.0,0.0,0.0,0.0,0.0,0.0,1.0
recording_12052023_130948,0.0,0.0,0.0,0.0,0.0,1.0,0.0
recording_06042023_135920,0.0,0.0,0.0,0.0,0.0,1.0,0.0
recording_06042023_122146,0.0,0.0,0.0,0.0,0.0,0.0,1.0
recording_11042023_122004,0.0,0.0,0.0,0.0,1.0,0.0,0.0
recording_13042023_161849,0.0,0.0,0.0,0.0,1.0,0.0,0.0
recording_13042023_161559,0.0,0.0,0.0,0.0,1.0,0.0,0.0
recording_21042023_085459,0.0,0.0,0.0,0.0,0.0,0.0,1.0
recording_29042023_110100,0.0,0.0,0.0,0.0,0.0,0.0,1.0
recording_21042023_161008,0.0,0.0,1.0,0.0,0.0,0.0,0.0
recording_13042023_162756,0.0,0.0,0.0,0.0,1.0,0.0,0.0
recording_13042023_161936,0.0,0.0,0.0,0.0,1.0,0.0,0.0
recording_06042023_121848,0.0,0.0,0.0,0.0,0.0,0.0,1.0
recording_05042023_141216,0.0,0.0,1.0,0.0,0.0,0.0,0.0
recording_20042023_125016,0.0,0.0,0.0,1.0,0.0,0.0,0.0
recording_05042023_141532,1.0,0.0,0.0,0.0,0.0,0.0,0.0
recording_17042023_103646,0.0,1.0,0.0,0.0,0.0,0.0,0.0
recording_11042023_121614,0.0,0.0,0.0,0.0,1.0,0.0,0.0
recording_02052023_155019,0.0,0.0,0.0,1.0,0.0,0.0,0.0
recording_06042023_122113,0.0,0.0,0.0,0.0,0.0,0.0,1.0
recording_29042023_110105,0.0,0.0,0.0,0.0,0.0,0.0,1.0
recording_20042023_124353,0.0,0.0,0.0,1.0,0.0,0.0,0.0
recording_18042023_123637,0.0,0.0,0.0,0.0,0.0,1.0,0.0
recording_12052023_103558,0.0,1.0,0.0,0.0,0.0,0.0,0.0
recording_06042023_132821,0.0,0.0,0.0,0.0,1.0,0.0,0.0
recording_05042023_125508,1.0,0.0,0.0,0.0,0.0,0.0,0.0
recording_21042023_152113,0.0,0.0,0.0,0.0,0.0,0.0,1.0
recording_03052023_125723,0.0,0.0,0.0,0.0,0.0,1.0,0.0
recording_06042023_121210,0.0,0.0,0.0,0.0,0.0,1.0,0.0
recording_12052023_104124,0.0,1.0,0.0,0.0,0.0,0.0,0.0
recording_03052023_130940,0.0,0.0,0.0,0.0,0.0,0.0,1.0
recording_09052023_120212,1.0,0.0,0.0,0.0,0.0,0.0,0.0
recording_11042023_115710,0.0,0.0,0.0,1.0,0.0,0.0,0.0
recording_13042023_160707,0.0,1.0,0.0,0.0,0.0,0.0,0.0
recording_05042023_141619,1.0,0.0,0.0,0.0,0.0,0.0,0.0
recording_21042023_160739,0.0,0.0,1.0,0.0,0.0,0.0,0.0
recording_29042023_111054,0.0,0.0,1.0,0.0,0.0,0.0,0.0
recording_03052023_130815,0.0,1.0,0.0,0.0,0.0,0.0,0.0
recording_20042023_124902,0.0,0.0,0.0,0.0,0.0,0.0,1.0
recording_20042023_124839,0.0,0.0,0.0,0.0,0.0,1.0,0.0
recording_13042023_161857,0.0,0.0,0.0,0.0,1.0,0.0,0.0
recording_03052023_150733,0.0,0.0,0.0,1.0,0.0,0.0,0.0
recording_03052023_150314,0.0,0.0,0.0,1.0,0.0,0.0,0.0
recording_13042023_161708,0.0,0.0,0.0,0.0,1.0,0.0,0.0
recording_20042023_124333,0.0,0.0,0.0,1.0,0.0,0.0,0.0
recording_12052023_132732,0.0,0.0,0.0,0.0,0.0,1.0,0.0
recording_29042023_111230,0.0,0.0,1.0,0.0,0.0,0.0,0.0
recording_09052023_100721,1.0,0.0,0.0,0.0,0.0,0.0,0.0
recording_06042023_135725,0.0,0.0,0.0,0.0,0.0,1.0,0.0
recording_11042023_115829,0.0,0.0,0.0,0.0,0.0,1.0,0.0
recording_21042023_085423,0.0,0.0,0.0,0.0,0.0,0.0,1.0
recording_21042023_151423,0.0,0.0,1.0,0.0,0.0,0.0,0.0
recording_12052023_103534,0.0,1.0,0.0,0.0,0.0,0.0,0.0
recording_06042023_121202,0.0,0.0,0.0,0.0,0.0,0.0,1.0
recording_12042023_100658,1.0,0.0,0.0,0.0,0.0,0.0,0.0
recording_03052023_150401,0.0,0.0,0.0,1.0,0.0,0.0,0.0
recording_19042023_103733,0.0,0.0,0.0,0.0,0.0,1.0,0.0
recording_05042023_141321,0.0,0.0,1.0,0.0,0.0,0.0,0.0
recording_06042023_125332,0.0,0.0,0.0,0.0,1.0,0.0,0.0
recording_21042023_161035,0.0,0.0,1.0,0.0,0.0,0.0,0.0
recording_05042023_124455,0.0,0.0,0.0,1.0,0.0,0.0,0.0
recording_29042023_110430,0.0,0.0,0.0,0.0,0.0,0.0,1.0
recording_13042023_154037,0.0,0.0,0.0,0.0,0.0,1.0,0.0
recording_13042023_161634,0.0,0.0,0.0,0.0,1.0,0.0,0.0
recording_21042023_152101,0.0,0.0,0.0,0.0,0.0,0.0,1.0
recording_18042023_122548,0.0,1.0,0.0,0.0,0.0,0.0,0.0
recording_14042023_120216,0.0,0.0,0.0,0.0,0.0,1.0,0.0
recording_03052023_130911,0.0,0.0,0.0,0.0,0.0,0.0,1.0
recording_18042023_122622,0.0,1.0,0.0,0.0,0.0,0.0,0.0
recording_13042023_155706,0.0,0.0,0.0,0.0,0.0,1.0,0.0
recording_13042023_162007,0.0,0.0,0.0,0.0,1.0,0.0,0.0
recording_13042023_162011,0.0,0.0,0.0,0.0,1.0,0.0,0.0
recording_03052023_130917,0.0,0.0,0.0,0.0,0.0,0.0,1.0
recording_17042023_112224,0.0,0.0,0.0,0.0,0.0,0.0,1.0
recording_13042023_160343,0.0,0.0,0.0,0.0,0.0,1.0,0.0
recording_05042023_141825,0.0,0.0,0.0,0.0,1.0,0.0,0.0
recording_05042023_141538,1.0,0.0,0.0,0.0,0.0,0.0,0.0
recording_05042023_125532,1.0,0.0,0.0,0.0,0.0,0.0,0.0
recording_13042023_160629,0.0,1.0,0.0,0.0,0.0,0.0,0.0
recording_12042023_101144,0.0,1.0,0.0,0.0,0.0,0.0,0.0
recording_14042023_124029,0.0,0.0,0.0,0.0,1.0,0.0,0.0
recording_17042023_111405,1.0,0.0,0.0,0.0,0.0,0.0,0.0
recording_13042023_162816,0.0,0.0,0.0,0.0,1.0,0.0,0.0
recording_09052023_120950,0.0,0.0,1.0,0.0,0.0,0.0,0.0
recording_09052023_120231,1.0,0.0,0.0,0.0,0.0,0.0,0.0
recording_13042023_153708,0.0,0.0,0.0,1.0,0.0,0.0,0.0
recording_29042023_110111,0.0,0.0,0.0,0.0,0.0,0.0,1.0
recording_02052023_155015,0.0,0.0,0.0,1.0,0.0,0.0,0.0
recording_20042023_124409,0.0,0.0,0.0,1.0,0.0,0.0,0.0
recording_13042023_155016,0.0,1.0,0.0,0.0,0.0,0.0,0.0
recording_05042023_124502,0.0,0.0,0.0,1.0,0.0,0.0,0.0
recording_05042023_124936,0.0,0.0,1.0,0.0,0.0,0.0,0.0
recording_13042023_160229,0.0,0.0,0.0,0.0,0.0,1.0,0.0
recording_09052023_121009,0.0,0.0,1.0,0.0,0.0,0.0,0.0
recording_13042023_161646,0.0,0.0,0.0,0.0,1.0,0.0,0.0
recording_03052023_130810,0.0,1.0,0.0,0.0,0.0,0.0,0.0
recording_13042023_160324,0.0,0.0,0.0,0.0,0.0,1.0,0.0
recording_13042023_153702,0.0,0.0,0.0,1.0,0.0,0.0,0.0
recording_05042023_140341,0.0,1.0,0.0,0.0,0.0,0.0,0.0
recording_05042023_140326,0.0,1.0,0.0,0.0,0.0,0.0,0.0
recording_17042023_110200,0.0,0.0,0.0,1.0,0.0,0.0,0.0
recording_21042023_085907,0.0,1.0,0.0,0.0,0.0,0.0,0.0
recording_17042023_110132,0.0,0.0,0.0,1.0,0.0,0.0,0.0
recording_03052023_125423,0.0,0.0,0.0,0.0,1.0,0.0,0.0
recording_19042023_104034,0.0,0.0,0.0,0.0,0.0,1.0,0.0
recording_06042023_122153,0.0,0.0,0.0,0.0,0.0,0.0,1.0
recording_13042023_154258,0.0,0.0,0.0,1.0,0.0,0.0,0.0
recording_12042023_100745,0.0,0.0,0.0,1.0,0.0,0.0,0.0
recording_21042023_085145,0.0,1.0,0.0,0.0,0.0,0.0,0.0
recording_20042023_124857,0.0,0.0,0.0,1.0,0.0,0.0,0.0
recording_17042023_112322,0.0,0.0,0.0,0.0,0.0,0.0,1.0
recording_14042023_124048,0.0,0.0,0.0,0.0,1.0,0.0,0.0
recording_13042023_162259,0.0,0.0,0.0,0.0,1.0,0.0,0.0
recording_06042023_121152,0.0,0.0,0.0,0.0,0.0,1.0,0.0
recording_17042023_103805,0.0,1.0,0.0,0.0,0.0,0.0,0.0
recording_20042023_124720,0.0,0.0,0.0,1.0,0.0,0.0,0.0
recording_21042023_090222,0.0,0.0,1.0,0.0,0.0,0.0,0.0
recording_13042023_161628,0.0,0.0,0.0,0.0,1.0,0.0,0.0
recording_12042023_101558,0.0,1.0,0.0,0.0,0.0,0.0,0.0
recording_21042023_085515,0.0,0.0,0.0,0.0,0.0,0.0,1.0
recording_13042023_154043,0.0,0.0,0.0,0.0,0.0,0.0,1.0
recording_13042023_162254,0.0,0.0,0.0,0.0,1.0,0.0,0.0
recording_13042023_162641,0.0,0.0,0.0,0.0,1.0,0.0,0.0
recording_13042023_161918,0.0,0.0,0.0,0.0,1.0,0.0,0.0
recording_03052023_130805,0.0,1.0,0.0,0.0,0.0,0.0,0.0
recording_05042023_123712,0.0,1.0,0.0,0.0,0.0,0.0,0.0
recording_12042023_101152,0.0,1.0,0.0,0.0,0.0,0.0,0.0
recording_19042023_103809,0.0,0.0,0.0,0.0,0.0,1.0,0.0
recording_13042023_162646,0.0,0.0,0.0,0.0,1.0,0.0,0.0
recording_06042023_122124,0.0,0.0,0.0,0.0,0.0,0.0,1.0
recording_29042023_111303,0.0,0.0,1.0,0.0,0.0,0.0,0.0
recording_13042023_161528,0.0,0.0,0.0,0.0,0.0,1.0,0.0
recording_18042023_123847,0.0,0.0,0.0,0.0,1.0,0.0,0.0
recording_13042023_160026,1.0,0.0,0.0,0.0,0.0,0.0,0.0
recording_12052023_132737,0.0,0.0,0.0,0.0,0.0,1.0,0.0
recording_29042023_110703,0.0,0.0,0.0,0.0,0.0,0.0,1.0
recording_03052023_150649,0.0,0.0,0.0,1.0,0.0,0.0,0.0
recording_06042023_125336,0.0,0.0,0.0,0.0,1.0,0.0,0.0
recording_13042023_162454,0.0,0.0,0.0,0.0,1.0,0.0,0.0
recording_06042023_121129,0.0,0.0,0.0,1.0,0.0,0.0,0.0
recording_06042023_134749,0.0,0.0,0.0,0.0,1.0,0.0,0.0
recording_13042023_161843,0.0,0.0,0.0,0.0,1.0,0.0,0.0
recording_18042023_123913,0.0,0.0,0.0,0.0,1.0,0.0,0.0
recording_11042023_111348,0.0,0.0,0.0,1.0,0.0,0.0,0.0
recording_05042023_124418,0.0,0.0,0.0,1.0,0.0,0.0,0.0
recording_09052023_120839,0.0,0.0,1.0,0.0,0.0,0.0,0.0
recording_20042023_124920,0.0,0.0,0.0,0.0,0.0,0.0,1.0
recording_12042023_100852,0.0,0.0,1.0,0.0,0.0,0.0,0.0
recording_05042023_125602,1.0,0.0,0.0,0.0,0.0,0.0,0.0
recording_20042023_114808,0.0,0.0,1.0,0.0,0.0,0.0,0.0
recording_06042023_131520,0.0,0.0,0.0,0.0,0.0,1.0,0.0
recording_05042023_140853,0.0,0.0,0.0,1.0,0.0,0.0,0.0
recording_18042023_122659,0.0,1.0,0.0,0.0,0.0,0.0,0.0
recording_20042023_125023,0.0,0.0,0.0,1.0,0.0,0.0,0.0
recording_11042023_115837,0.0,0.0,0.0,0.0,0.0,1.0,0.0
recording_11042023_115127,0.0,0.0,0.0,0.0,0.0,1.0,0.0
recording_13042023_161452,0.0,0.0,0.0,0.0,0.0,1.0,0.0
recording_11042023_115116,0.0,1.0,0.0,0.0,0.0,0.0,0.0
recording_02052023_120936,1.0,0.0,0.0,0.0,0.0,0.0,0.0
recording_21042023_160635,0.0,0.0,1.0,0.0,0.0,0.0,0.0
recording_21042023_160725,0.0,0.0,1.0,0.0,0.0,0.0,0.0
recording_11042023_120157,0.0,0.0,0.0,0.0,1.0,0.0,0.0
recording_13042023_162632,0.0,0.0,0.0,0.0,1.0,0.0,0.0
recording_06042023_132829,0.0,0.0,0.0,0.0,1.0,0.0,0.0
recording_13042023_161655,0.0,0.0,0.0,0.0,1.0,0.0,0.0
recording_13042023_162405,0.0,0.0,0.0,0.0,1.0,0.0,0.0
recording_11042023_114700,0.0,0.0,0.0,0.0,1.0,0.0,0.0
recording_17042023_110215,0.0,0.0,0.0,1.0,0.0,0.0,0.0
recording_17042023_111418,1.0,0.0,0.0,0.0,0.0,0.0,0.0
recording_03052023_125555,0.0,0.0,0.0,0.0,0.0,1.0,0.0
recording_03052023_130928,0.0,0.0,0.0,0.0,0.0,0.0,1.0
recording_17042023_105655,0.0,1.0,0.0,0.0,0.0,0.0,0.0
recording_21042023_090241,0.0,0.0,1.0,0.0,0.0,0.0,0.0
recording_21042023_090140,0.0,0.0,1.0,0.0,0.0,0.0,0.0
recording_11042023_120221,0.0,0.0,0.0,0.0,1.0,0.0,0.0
recording_05042023_130212,0.0,1.0,0.0,0.0,0.0,0.0,0.0
recording_03052023_125614,0.0,0.0,0.0,0.0,0.0,1.0,0.0
recording_13042023_162539,0.0,0.0,0.0,0.0,1.0,0.0,0.0
recording_13042023_161438,0.0,0.0,0.0,0.0,0.0,1.0,0.0
recording_14042023_124042,0.0,0.0,0.0,0.0,1.0,0.0,0.0
recording_13042023_162113,0.0,0.0,0.0,0.0,1.0,0.0,0.0
recording_17042023_105626,0.0,1.0,0.0,0.0,0.0,0.0,0.0
recording_13042023_161751,0.0,0.0,0.0,0.0,1.0,0.0,0.0
recording_05042023_140317,0.0,1.0,0.0,0.0,0.0,0.0,0.0
recording_09052023_121004,0.0,0.0,1.0,0.0,0.0,0.0,0.0
recording_13042023_161950,0.0,0.0,0.0,0.0,1.0,0.0,0.0
recording_13042023_155725,0.0,0.0,0.0,0.0,0.0,1.0,0.0
recording_20042023_121945,0.0,0.0,0.0,0.0,0.0,0.0,1.0
recording_17042023_103722,0.0,1.0,0.0,0.0,0.0,0.0,0.0
recording_11042023_121953,0.0,0.0,0.0,0.0,1.0,0.0,0.0
recording_11042023_115133,0.0,0.0,0.0,0.0,0.0,1.0,0.0
recording_13042023_162510,0.0,0.0,0.0,0.0,1.0,0.0,0.0
recording_20042023_114755,0.0,0.0,1.0,0.0,0.0,0.0,0.0
recording_18042023_123958,0.0,0.0,0.0,0.0,1.0,0.0,0.0
recording_18042023_122744,0.0,1.0,0.0,0.0,0.0,0.0,0.0
recording_03052023_125411,0.0,0.0,0.0,0.0,1.0,0.0,0.0
recording_13042023_155354,0.0,0.0,0.0,1.0,0.0,0.0,0.0
recording_11042023_114855,0.0,0.0,0.0,0.0,0.0,1.0,0.0
recording_21042023_084942,0.0,0.0,0.0,0.0,0.0,0.0,1.0
recording_05042023_123657,0.0,1.0,0.0,0.0,0.0,0.0,0.0
recording_13042023_162344,0.0,0.0,0.0,0.0,1.0,0.0,0.0
recording_13042023_160602,0.0,0.0,0.0,0.0,0.0,0.0,1.0
recording_12042023_101401,0.0,1.0,0.0,0.0,0.0,0.0,0.0
recording_06042023_135812,0.0,0.0,0.0,0.0,0.0,1.0,0.0
recording_21042023_160720,0.0,0.0,1.0,0.0,0.0,0.0,0.0
recording_14042023_124015,0.0,0.0,0.0,0.0,1.0,0.0,0.0
recording_13042023_161835,0.0,0.0,0.0,0.0,1.0,0.0,0.0
recording_20042023_124710,0.0,0.0,0.0,1.0,0.0,0.0,0.0
recording_12042023_100717,1.0,0.0,0.0,0.0,0.0,0.0,0.0
recording_05042023_141838,0.0,0.0,0.0,0.0,1.0,0.0,0.0
recording_13042023_153611,0.0,0.0,0.0,1.0,0.0,0.0,0.0
recording_06042023_130633,0.0,0.0,0.0,0.0,1.0,0.0,0.0
recording_13042023_160548,0.0,1.0,0.0,0.0,0.0,0.0,0.0
recording_02052023_150954,0.0,0.0,0.0,0.0,0.0,1.0,0.0
recording_05042023_140254,0.0,1.0,0.0,0.0,0.0,0.0,0.0
recording_17042023_105702,0.0,1.0,0.0,0.0,0.0,0.0,0.0
recording_05042023_140830,0.0,0.0,0.0,1.0,0.0,0.0,0.0
recording_29042023_110620,0.0,0.0,0.0,0.0,0.0,0.0,1.0
recording_06042023_122207,0.0,0.0,0.0,0.0,0.0,0.0,1.0
recording_02052023_120351,1.0,0.0,0.0,0.0,0.0,0.0,0.0
recording_05042023_141818,0.0,0.0,0.0,0.0,1.0,0.0,0.0
recording_21042023_085403,0.0,0.0,0.0,0.0,0.0,0.0,1.0
recording_17042023_110356,0.0,0.0,1.0,0.0,0.0,0.0,0.0
recording_03052023_125417,0.0,0.0,0.0,0.0,1.0,0.0,0.0
recording_12052023_103540,0.0,1.0,0.0,0.0,0.0,0.0,0.0
recording_11042023_114823,0.0,0.0,0.0,0.0,0.0,1.0,0.0
recording_02052023_151720,0.0,0.0,0.0,0.0,0.0,1.0,0.0
recording_02052023_154832,0.0,0.0,0.0,1.0,0.0,0.0,0.0
recording_20042023_114819,0.0,0.0,1.0,0.0,0.0,0.0,0.0
recording_14042023_120159,0.0,0.0,0.0,0.0,0.0,1.0,0.0
recording_13042023_160259,0.0,0.0,0.0,0.0,0.0,1.0,0.0
recording_06042023_131625,0.0,0.0,0.0,0.0,0.0,1.0,0.0
recording_14042023_124022,0.0,0.0,0.0,0.0,1.0,0.0,0.0
recording_13042023_155446,0.0,0.0,0.0,1.0,0.0,0.0,0.0
recording_13042023_162400,0.0,0.0,0.0,0.0,1.0,0.0,0.0
recording_05042023_141603,1.0,0.0,0.0,0.0,0.0,0.0,0.0
recording_03052023_131205,1.0,0.0,0.0,0.0,0.0,0.0,0.0
recording_09052023_101458,1.0,0.0,0.0,0.0,0.0,0.0,0.0
recording_13042023_155815,0.0,0.0,0.0,0.0,0.0,1.0,0.0
recording_14042023_123909,0.0,0.0,0.0,0.0,1.0,0.0,0.0
recording_20042023_112654,1.0,0.0,0.0,0.0,0.0,0.0,0.0
recording_09052023_101529,1.0,0.0,0.0,0.0,0.0,0.0,0.0
recording_13042023_162438,0.0,0.0,0.0,0.0,1.0,0.0,0.0
recording_21042023_085442,0.0,0.0,0.0,0.0,0.0,0.0,1.0
recording_13042023_162443,0.0,0.0,0.0,0.0,1.0,0.0,0.0
recording_17042023_105730,0.0,1.0,0.0,0.0,0.0,0.0,0.0
recording_18042023_123658,0.0,0.0,0.0,0.0,0.0,1.0,0.0
recording_13042023_153714,0.0,0.0,0.0,1.0,0.0,0.0,0.0
recording_13042023_154827,0.0,0.0,0.0,1.0,0.0,0.0,0.0
recording_06042023_121240,0.0,0.0,0.0,0.0,0.0,1.0,0.0
recording_06042023_135153,1.0,0.0,0.0,0.0,0.0,0.0,0.0
recording_21042023_151454,0.0,0.0,1.0,0.0,0.0,0.0,0.0
recording_11042023_115738,0.0,0.0,0.0,0.0,0.0,1.0,0.0
recording_13042023_162139,0.0,0.0,0.0,0.0,1.0,0.0,0.0
recording_09052023_100622,1.0,0.0,0.0,0.0,0.0,0.0,0.0
recording_06042023_130624,0.0,0.0,0.0,0.0,1.0,0.0,0.0
recording_11042023_111343,0.0,0.0,0.0,1.0,0.0,0.0,0.0
recording_05042023_141309,0.0,0.0,1.0,0.0,0.0,0.0,0.0
recording_13042023_154453,0.0,0.0,0.0,1.0,0.0,0.0,0.0
recording_02052023_154941,0.0,0.0,0.0,1.0,0.0,0.0,0.0
recording_09052023_120925,0.0,0.0,1.0,0.0,0.0,0.0,0.0
recording_20042023_124339,0.0,0.0,0.0,1.0,0.0,0.0,0.0
recording_05042023_141208,0.0,0.0,1.0,0.0,0.0,0.0,0.0
recording_13042023_162559,0.0,0.0,0.0,0.0,1.0,0.0,0.0
recording_29042023_113310,0.0,0.0,1.0,0.0,0.0,0.0,0.0
recording_18042023_124014,0.0,0.0,0.0,0.0,1.0,0.0,0.0
recording_13042023_153623,0.0,0.0,0.0,1.0,0.0,0.0,0.0
recording_05042023_141550,1.0,0.0,0.0,0.0,0.0,0.0,0.0
recording_19042023_103745,0.0,0.0,0.0,0.0,0.0,1.0,0.0
recording_29042023_113055,0.0,0.0,0.0,0.0,0.0,0.0,1.0
recording_13042023_153913,0.0,0.0,0.0,0.0,0.0,1.0,0.0
recording_06042023_121855,0.0,0.0,0.0,0.0,0.0,0.0,1.0
recording_20042023_124358,0.0,0.0,0.0,1.0,0.0,0.0,0.0
recording_13042023_155712,0.0,0.0,0.0,0.0,0.0,1.0,0.0
recording_20042023_114727,0.0,0.0,1.0,0.0,0.0,0.0,0.0
recording_06042023_122139,0.0,0.0,0.0,0.0,0.0,0.0,1.0
recording_09052023_121013,0.0,0.0,1.0,0.0,0.0,0.0,0.0
recording_06042023_135139,0.0,0.0,0.0,0.0,1.0,0.0,0.0
recording_11042023_114706,0.0,0.0,0.0,0.0,1.0,0.0,0.0
recording_13042023_162514,0.0,0.0,0.0,0.0,1.0,0.0,0.0
recording_14042023_123834,0.0,0.0,0.0,0.0,1.0,0.0,0.0
recording_05042023_124955,0.0,0.0,1.0,0.0,0.0,0.0,0.0
recording_20042023_112719,1.0,0.0,0.0,0.0,0.0,0.0,0.0
recording_03052023_150657,0.0,0.0,0.0,1.0,0.0,0.0,0.0
recording_03052023_125548,0.0,0.0,0.0,0.0,0.0,0.0,1.0
recording_02052023_154952,0.0,0.0,0.0,1.0,0.0,0.0,0.0
recording_06042023_135903,0.0,0.0,0.0,0.0,0.0,1.0,0.0
recording_20042023_124951,0.0,0.0,0.0,1.0,0.0,0.0,0.0
recording_13042023_162214,0.0,0.0,0.0,0.0,1.0,0.0,0.0
recording_03052023_130751,0.0,1.0,0.0,0.0,0.0,0.0,0.0
recording_06042023_120546,0.0,0.0,0.0,0.0,0.0,0.0,1.0
recording_03052023_125706,0.0,0.0,0.0,0.0,0.0,1.0,0.0
recording_06042023_120347,0.0,0.0,0.0,0.0,0.0,0.0,1.0
recording_13042023_162547,0.0,0.0,0.0,0.0,1.0,0.0,0.0
recording_17042023_110434,0.0,0.0,1.0,0.0,0.0,0.0,0.0
recording_19042023_104051,0.0,0.0,0.0,0.0,0.0,1.0,0.0
recording_05042023_131339,0.0,0.0,0.0,0.0,0.0,0.0,1.0
recording_06042023_130750,0.0,0.0,0.0,0.0,1.0,0.0,0.0
recording_20042023_121912,0.0,0.0,0.0,0.0,0.0,0.0,1.0
recording_21042023_152138,0.0,0.0,0.0,0.0,0.0,0.0,1.0
recording_17042023_110402,0.0,0.0,1.0,0.0,0.0,0.0,0.0
recording_06042023_121829,0.0,0.0,0.0,0.0,0.0,0.0,1.0
recording_20042023_115338,1.0,0.0,0.0,0.0,0.0,0.0,0.0
recording_18042023_122739,0.0,1.0,0.0,0.0,0.0,0.0,0.0
recording_06042023_121229,0.0,0.0,0.0,0.0,0.0,1.0,0.0
recording_11042023_121907,0.0,0.0,0.0,0.0,1.0,0.0,0.0
recording_20042023_124637,0.0,0.0,0.0,1.0,0.0,0.0,0.0
recording_13042023_161943,0.0,0.0,0.0,0.0,1.0,0.0,0.0
recording_29042023_111314,0.0,0.0,1.0,0.0,0.0,0.0,0.0
recording_17042023_110428,0.0,0.0,1.0,0.0,0.0,0.0,0.0
recording_21042023_161014,0.0,0.0,1.0,0.0,0.0,0.0,0.0
recording_11042023_114903,0.0,1.0,0.0,0.0,0.0,0.0,0.0
recording_03052023_150355,0.0,0.0,0.0,1.0,0.0,0.0,0.0
recording_29042023_113103,0.0,0.0,0.0,0.0,0.0,0.0,1.0
recording_21042023_090341,0.0,0.0,1.0,0.0,0.0,0.0,0.0
recording_21042023_085848,0.0,1.0,0.0,0.0,0.0,0.0,0.0
recording_17042023_111437,1.0,0.0,0.0,0.0,0.0,0.0,0.0
recording_13042023_160408,0.0,0.0,0.0,0.0,0.0,1.0,0.0
recording_12052023_104114,0.0,1.0,0.0,0.0,0.0,0.0,0.0
recording_02052023_151031,0.0,0.0,0.0,0.0,0.0,1.0,0.0
recording_20042023_115350,1.0,0.0,0.0,0.0,0.0,0.0,0.0
recording_11042023_115635,0.0,0.0,0.0,1.0,0.0,0.0,0.0
recording_12042023_100846,0.0,0.0,1.0,0.0,0.0,0.0,0.0
recording_17042023_121831,0.0,0.0,0.0,0.0,0.0,1.0,0.0
recording_29042023_111047,0.0,0.0,1.0,0.0,0.0,0.0,0.0
recording_20042023_122018,0.0,0.0,0.0,0.0,0.0,0.0,1.0
recording_02052023_154746,0.0,0.0,0.0,1.0,0.0,0.0,0.0
recording_13042023_155820,0.0,0.0,0.0,0.0,0.0,1.0,0.0
recording_05042023_130202,0.0,1.0,0.0,0.0,0.0,0.0,0.0
recording_17042023_105721,0.0,1.0,0.0,0.0,0.0,0.0,0.0
recording_09052023_120914,0.0,0.0,1.0,0.0,0.0,0.0,0.0
recording_02052023_120333,1.0,0.0,0.0,0.0,0.0,0.0,0.0
recording_20042023_124656,0.0,0.0,0.0,1.0,0.0,0.0,0.0
recording_13042023_162037,0.0,0.0,0.0,0.0,1.0,0.0,0.0
recording_05042023_141238,0.0,0.0,1.0,0.0,0.0,0.0,0.0
recording_29042023_113024,0.0,0.0,0.0,0.0,0.0,0.0,1.0
recording_13042023_153534,0.0,0.0,0.0,1.0,0.0,0.0,0.0
recording_12042023_101338,0.0,1.0,0.0,0.0,0.0,0.0,0.0
recording_02052023_120928,1.0,0.0,0.0,0.0,0.0,0.0,0.0
recording_14042023_123954,0.0,0.0,0.0,0.0,1.0,0.0,0.0
recording_17042023_121901,0.0,0.0,0.0,0.0,0.0,1.0,0.0
recording_03052023_150406,0.0,0.0,0.0,1.0,0.0,0.0,0.0
recording_20042023_125027,0.0,0.0,0.0,1.0,0.0,0.0,0.0
recording_20042023_112821,1.0,0.0,0.0,0.0,0.0,0.0,0.0
recording_03052023_130756,0.0,1.0,0.0,0.0,0.0,0.0,0.0
recording_19042023_103834,0.0,0.0,0.0,0.0,0.0,1.0,0.0
recording_06042023_131607,0.0,0.0,0.0,0.0,0.0,1.0,0.0
recording_02052023_154820,0.0,0.0,0.0,1.0,0.0,0.0,0.0
recording_02052023_150949,0.0,0.0,0.0,0.0,0.0,1.0,0.0
recording_13042023_161907,0.0,0.0,0.0,0.0,1.0,0.0,0.0
recording_13042023_154443,0.0,0.0,0.0,1.0,0.0,0.0,0.0
recording_20042023_124415,0.0,0.0,0.0,1.0,0.0,0.0,0.0
recording_14042023_115103,0.0,0.0,0.0,0.0,0.0,1.0,0.0
recording_13042023_162734,0.0,0.0,0.0,0.0,1.0,0.0,0.0
recording_13042023_160403,0.0,0.0,0.0,0.0,0.0,1.0,0.0
recording_13042023_160723,0.0,1.0,0.0,0.0,0.0,0.0,0.0
recording_17042023_103641,0.0,1.0,0.0,0.0,0.0,0.0,0.0
recording_03052023_125619,0.0,0.0,0.0,0.0,0.0,1.0,0.0
recording_05042023_141257,0.0,0.0,1.0,0.0,0.0,0.0,0.0
recording_11042023_121541,0.0,0.0,0.0,0.0,1.0,0.0,0.0
recording_29042023_110516,0.0,0.0,0.0,0.0,0.0,0.0,1.0
recording_11042023_115842,0.0,0.0,0.0,0.0,0.0,1.0,0.0
recording_17042023_121854,0.0,0.0,0.0,0.0,0.0,1.0,0.0
recording_13042023_161739,0.0,0.0,0.0,0.0,1.0,0.0,0.0
recording_21042023_085133,0.0,1.0,0.0,0.0,0.0,0.0,0.0
recording_03052023_131148,1.0,0.0,0.0,0.0,0.0,0.0,0.0
recording_11042023_121939,0.0,0.0,0.0,0.0,1.0,0.0,0.0
recording_13042023_161615,0.0,0.0,0.0,0.0,1.0,0.0,0.0
recording_13042023_155248,0.0,0.0,0.0,0.0,0.0,0.0,1.0
recording_13042023_162410,0.0,0.0,0.0,0.0,1.0,0.0,0.0
recording_13042023_154106,0.0,0.0,0.0,0.0,0.0,1.0,0.0
recording_17042023_112248,0.0,0.0,0.0,0.0,0.0,0.0,1.0
recording_13042023_153755,0.0,0.0,0.0,1.0,0.0,0.0,0.0
recording_06042023_132841,0.0,0.0,0.0,0.0,1.0,0.0,0.0
recording_21042023_085840,0.0,1.0,0.0,0.0,0.0,0.0,0.0
recording_13042023_154811,0.0,0.0,1.0,0.0,0.0,0.0,0.0
recording_06042023_121249,0.0,0.0,0.0,0.0,0.0,1.0,0.0
recording_06042023_133126,0.0,0.0,0.0,0.0,1.0,0.0,0.0
recording_29042023_113329,0.0,0.0,1.0,0.0,0.0,0.0,0.0
recording_21042023_151459,0.0,0.0,1.0,0.0,0.0,0.0,0.0
recording_05042023_130640,0.0,0.0,0.0,1.0,0.0,0.0,0.0
recording_13042023_155731,0.0,0.0,0.0,0.0,0.0,1.0,0.0
recording_02052023_120357,1.0,0.0,0.0,0.0,0.0,0.0,0.0
recording_17042023_105739,0.0,1.0,0.0,0.0,0.0,0.0,0.0
recording_13042023_155809,0.0,0.0,0.0,0.0,0.0,1.0,0.0
recording_09052023_120220,1.0,0.0,0.0,0.0,0.0,0.0,0.0
recording_12042023_101134,0.0,1.0,0.0,0.0,0.0,0.0,0.0
recording_13042023_154112,0.0,0.0,0.0,0.0,0.0,1.0,0.0
recording_05042023_140900,0.0,0.0,0.0,1.0,0.0,0.0,0.0
recording_13042023_154018,0.0,0.0,0.0,0.0,0.0,1.0,0.0
recording_12042023_100724,1.0,0.0,0.0,0.0,0.0,0.0,0.0
recording_20042023_125034,0.0,0.0,0.0,1.0,0.0,0.0,0.0
recording_05042023_125002,0.0,0.0,1.0,0.0,0.0,0.0,0.0
recording_13042023_154958,0.0,1.0,0.0,0.0,0.0,0.0,0.0
recording_29042023_110633,0.0,0.0,0.0,0.0,0.0,0.0,1.0
recording_13042023_160347,0.0,0.0,0.0,0.0,0.0,1.0,0.0
recording_03052023_125535,0.0,0.0,0.0,0.0,0.0,1.0,0.0
